source,author,title,description,url,urlToImage,publishedAt,content
"{'id': 'business-insider', 'name': 'Business Insider'}",Theron Mohamed,Elon Musk is now worth just under $200 billion — and Jeff Bezos is only $15 billion behind,"Tesla stock is down 26% this year due to investor concern about its sales growth, slashing Elon Musk's net worth by $30 billion.",https://markets.businessinsider.com/news/stocks/elon-musk-tesla-stock-mania-net-worth-wealth-jeff-bezos-2024-1,https://i.insider.com/5c868e322730ca423f378bab?width=1200&format=jpeg,2024-01-29T12:04:02Z,"Elon Musk is still the world's richest person – for now.Jewel Samad/AFP/Getty Images
<ul>
<li>Elon Musk's wealth is down $30 billion this year to just under $200 billion, per Bloomberg.</li>
<li>Tes… [+3328 chars]"
"{'id': None, 'name': 'MarketWatch'}",Louis Goss,LVMH leads luxury shares rally following record 2023 results despite market slump,LVMH Moet Hennessy Louis Vuitton’s Paris listed shares surged on Friday following the luxury firm’s decision to hike its dividend on the back of record 2023...,https://www.marketwatch.com/story/lvmh-leads-luxury-shares-rally-following-record-2023-results-despite-market-slump-19912b2f,https://images.mktw.net/im-23687085/social,2024-01-26T10:49:00Z,"LVMH Moet Hennessy Louis Vuittons Paris listed shares surged on Friday following the luxury firms decision to hike its dividend on the back of record 2023 results, in a rally that lifted shares acros… [+2444 chars]"
"{'id': None, 'name': 'MarketWatch'}",Jamie Chisholm,Watches of Switzerland stock falls by nearly a third after ‘volatile’ Christmas,"Shares in Watches of Switzerland plunged by nearly a third on Thursday, after the luxury watch seller warned that sales would be lower than expected after U.K. shoppers eschewed expensive trinkets during the crucial festive season.",https://www.marketwatch.com/story/watches-of-switzerland-stock-falls-by-nearly-a-third-after-volatile-christmas-98c5a2cf,https://images.mktw.net/im-816426/social,2024-01-18T12:31:00Z,"Shares in Watches of Switzerland plunged by nearly a third on Thursday, after the luxury watch seller warned that sales would be lower than expected after U.K. shoppers eschewed expensive trinkets du… [+2942 chars]"
"{'id': None, 'name': 'Quartz India'}",Melvin Backman and Laura Bratton,Elon Musk and Bernard Arnault keep taking turns as the world's richest person,The richest person in the world depended on who you asked on Monday — and when you asked.Bloomberg said Elon Musk on Monday morning; Forbes said Bernard Arnault.Read more...,https://qz.com/elon-musk-bernard-arnault-worlds-richest-person-1851207288,"https://i.kinja-img.com/image/upload/c_fill,h_675,pg_1,q_80,w_1200/0a5ff93a0b6fb3aadfc1ceb19ae8a6ab.png",2024-01-29T22:31:00Z,"The richest person in the world depended on who you asked on Monday and when you asked. Bloomberg said Elon Musk on Monday morning; Forbes said Bernard Arnault.
Arnault, the chairman of luxury congl… [+2078 chars]"
"{'id': None, 'name': 'Quartz India'}",Melvin Backman,Elon Musk just lost his spot as the richest person in the world,The ever-changing winds of fortune atop the world’s ranking of billionaires are no longer blowing in Elon Musk’s favor: He’s been overtaken once again by LVMH chairman and CEO Bernard Arnault as the world’s richest man. Though Bloomberg’s Billionaire Index st…,https://qz.com/elon-musk-tesla-bernard-arnault-lvmh-billionaires-1851206350,"https://i.kinja-img.com/image/upload/c_fill,h_675,pg_1,q_80,w_1200/0765d68f48bc1f14ea4456b2811e01df.jpg",2024-01-29T19:23:00Z,The ever-changing winds of fortune atop the worlds ranking of billionaires are no longer blowing in Elon Musks favor: Hes been overtaken once again by LVMH chairman and CEO Bernard Arnault as the wor… [+960 chars]
"{'id': None, 'name': 'Forbes'}","James Farrell, Forbes Staff, 
 James Farrell, Forbes Staff
 https://www.forbes.com/sites/jamesfarrell/",Bernard Arnault Overtakes Elon Musk As Richest Person In The World,French billionaire Bernard Arnault—owner of luxury brands like Louis Vuitton and Sephora—is now the richest man in the world.,https://www.forbes.com/sites/jamesfarrell/2024/01/26/bernard-arnault-overtakes-elon-musk-as-richest-person-in-the-world/,"https://imageio.forbes.com/specials-images/imageserve/65b3dca10b4132d1b54520d4/0x0.jpg?format=jpg&crop=3307,1862,x0,y170,safe&height=900&width=1600&fit=bounds",2024-01-26T16:25:22Z,"Bernard Arnault, the billionaire chairman and CEO of global luxury goods company LVMHthe entity behind dozens of luxury goods brands like Louis Vuitton and Sephorais now the richest man in the world,… [+1500 chars]"
"{'id': None, 'name': 'MarketWatch'}",Jamie Chisholm,The correlation between bonds and stocks has ruptured. It’s not a problem for equities says this analyst,Stocks can still rally further providing 2-year yields stabilize says DataTraek,https://www.marketwatch.com/story/the-correlation-between-bonds-and-stocks-has-ruptured-its-not-a-problem-for-equities-says-this-analyst-21bfbb4d,https://images.mktw.net/im-821385/social,2024-01-26T11:32:00Z,"Early Friday skirmishing in the stock index futures market suggests the S&amp;P 500 will struggle to reach a sixth successive record high. Technology stocks are on course to lead the retreat, as a 10… [+9079 chars]"
"{'id': None, 'name': 'Biztoc.com'}",zerohedge.com,Daily All Time High In Peril As Futures Dip After Intel Tumbles,"Daily All Time High In Peril As Futures Dip After Intel Tumbles After hitting a record high for 5 consecutive days, the daily tech-led meltup is in peril after Intel reported solid earnings but disappointed consensus with weak guidance, sending the stock tumb…",https://biztoc.com/x/abd111a10b84ff33,https://c.biztoc.com/p/abd111a10b84ff33/s.webp,2024-01-26T13:36:06Z,"Daily All Time High In Peril As Futures Dip After Intel Tumbles
After hitting a record high for 5 consecutive days, the daily tech-led meltup is in peril after Intel reported solid earnings but disa… [+264 chars]"
"{'id': None, 'name': 'Forbes'}","Derek Saul, Forbes Staff, 
 Derek Saul, Forbes Staff
 https://www.forbes.com/sites/dereksaul/",Stock Market Poised For Big Milestones This Week—Here Are The Ones To Watch,An all-time high for a major stock index and one beleaguered tech giant’s first-ever $1 trillion valuation are well within reach.,https://www.forbes.com/sites/dereksaul/2024/01/16/stock-market-poised-for-big-milestones-this-week-here-are-the-ones-to-watch/,"https://imageio.forbes.com/specials-images/imageserve/65a6ac77a6ead764e1e5bf45/0x0.jpg?format=jpg&crop=2941,1655,x0,y0,safe&height=900&width=1600&fit=bounds",2024-01-16T16:20:59Z,"An alreadyeventful 2024 for the stock market is set to storm ahead toward several notable events this week, including a shakeup among the worlds most valuable companies and a possible all-time high f… [+3143 chars]"
"{'id': None, 'name': 'Forbes'}","Siladitya Ray, Forbes Staff, 
 Siladitya Ray, Forbes Staff
 https://www.forbes.com/sites/siladityaray/",Tesla Drops In Pre-Market After Musk Seeks 25% Control Of The Company,Musk said a 15% or lower voting power means “a takeover by dubious interests too easy.”,https://www.forbes.com/sites/siladityaray/2024/01/16/tesla-drops-in-pre-market-after-musk-seeks-25-control-of-the-company/,"https://imageio.forbes.com/specials-images/imageserve/65a664d037d877ebbf3ca5e2/0x0.jpg?format=jpg&crop=2857,1606,x0,y0,safe&height=900&width=1600&fit=bounds",2024-01-16T11:41:28Z,Teslas stock was down around 2% in pre-market trading early on Tuesday after the companys CEO Elon Musk warned Monday he would start building AI and robotics products outside the company unless he ga… [+2160 chars]
"{'id': None, 'name': 'Forbes'}","JJ Kinahan, Senior Contributor, 
 JJ Kinahan, Senior Contributor
 https://www.forbes.com/sites/jjkinahan/",Six Straight Days Of Gains For Stocks,We'll see how the market ultimately decides to interpret today's economic data and if we close at yet another record high or take a breather.,https://www.forbes.com/sites/jjkinahan/2024/01/26/six-straight-days-of-gains-for-stocks/,https://imageio.forbes.com/specials-images/imageserve/65b3bd3e2e269f7457536e06/0x0.jpg?format=jpg&height=900&width=1600&fit=bounds,2024-01-26T14:29:02Z,"Microsoft announced layoffs in its Gaming unit, following the acquisition of Activision Blizzard. ... [+] (Photo by Smith Collection/Gado/Getty Images)
Getty Images
Key Takeaways
<ul><li>The S&amp… [+4732 chars]"
"{'id': None, 'name': 'Forbes'}","John Kang, Forbes Staff, 
 John Kang, Forbes Staff
 https://www.forbes.com/sites/johnkang/",Little-Known Biotech Company Shows How Hard It Is To Ride The Ozempic Wave,"Shares of Korea-listed Caregen have surged as much as 390% since March 2022, fueled by investor optimism that its new diabetes-weight loss supplement could give the little-known biotech company an Ozempic-like boost. But unlike Ozempic maker Novo Nordisk, Car…",https://www.forbes.com/sites/johnkang/2024/01/21/little-known-biotech-company-shows-how-hard-it-is-to-ride-the-ozempic-wave/,"https://imageio.forbes.com/specials-images/imageserve/65a8fe6352659d2a5930c678/0x0.jpg?format=jpg&crop=1920,1080,x0,y0,safe&height=900&width=1600&fit=bounds",2024-01-22T03:00:41Z,"Images: Getty Images; Illustration: Shanshan Kao for Forbes Asia
In the U.S., Eli Lillys Mounjaro, a diabetes drug that also helps with weight loss, helped boost the insulin pioneers share price by … [+8786 chars]"
"{'id': 'cnn', 'name': 'CNN'}",Anna Cooban,China and Europe’s trade spat escalates as Beijing targets French brandy,China is opening an investigation into the price of brandy imported from the European Union in what is widely seen as retaliation for the bloc’s similar probe into the influx of cheap Chinese electric cars into the region.,https://www.cnn.com/2024/01/05/business/china-europe-french-brandy-investigation/index.html,"https://media.cnn.com/api/v1/images/stellar/prod/240105105451-china-brandy-121723.jpg?c=16x9&q=w_800,c_fill",2024-01-05T12:17:27Z,China is opening an investigation into the price of brandy imported from the European Union in a move seen as retaliation for the blocs probe into an influx of cheap Chinese electric cars into Europe… [+1519 chars]
"{'id': None, 'name': 'Erickimphotography.com'}",ERIC KIM,WHY FAT IS BAD,"OK, some things: First and foremost, I do not promote fat shaming. This is not productive nor constructive. If you shame somebody for being fat, it actually has the opposite effect; they feel bad about themselves, eat more sugars starches and carbs, and actua…",https://erickimphotography.com/blog/2024/01/08/why-fat-is-bad/,,2024-01-08T13:15:26Z,"OK, some things:
 First and foremost, I do not promote fat shaming. This is not productive nor constructive. If you shame somebody for being fat, it actually has the opposite effect; they feel bad a… [+3322 chars]"
"{'id': 'fortune', 'name': 'Fortune'}",Christiaan Hetzner,"Elon Musk loses title as world’s richest person to LVMH patriarch Bernard Arnault, paying the price for January rout in Tesla stock","Tesla shed $200 billion in market value in the span of just one month following a litany of setbacks, wiping billions off of Musk's net worth.",https://fortune.com/2024/01/29/elon-musk-tesla-richest-person-world-lvmh-bernard-arnault/,"https://content.fortune.com/wp-content/uploads/2024/01/GettyImages-1948402345_5648b8-e1706531479840.jpg?resize=1200,600",2024-01-29T13:00:24Z,"Elon Musk has lost bragging rights as the worlds wealthiest tycoon to Bernard Arnault, the French patriarch behind luxury goods giant LVMH, following a disastrous January during which Tesla shed a st… [+2895 chars]"
"{'id': None, 'name': 'Wornandwound.com'}",Zach Kazan,Hublot Taps One of their Favorite Artist Collaborators for the new Classic Fusion Tourbillon Orlinksi,"For this year’s LVMH Watch Week, Hublot has unveiled their latest collaboration with the artist Richard Orlinskli, a pair of limited edition tourbillons in pop-art inspired shades with dramatically skeletonized dials. The Hublot partnership with Orlinski goes…",https://wornandwound.com/hublot-taps-one-of-their-favorite-artist-collaborators-for-the-new-classic-fusion-tourbillon-orlinksi/,https://wornandwound.com/library/uploads/2024/01/Hublot-Orlinski-Classic-Fusion-Tourbillon-5.jpg,2024-01-29T21:00:54Z,"The new collaboration starts with a 45mm Classic Fusion case in either yellow of sky blue ceramic, but true to form with the Orlinski watches, Hublot has given the artist the opportunity to shape and… [+1323 chars]"
"{'id': 'fortune', 'name': 'Fortune'}",Prarthana Prakash,Bernard Arnault's LVMH is stepping into 2024 with confidence after as shoppers chase its highest-end products,"The French powerhouse, home to Dior, Louis Vuitton, Sephora, and Tiffany's, stunned with a 10% sales surge in the final quarter of 2023.",https://fortune.com/europe/2024/01/26/lvmh-q4-surge-bernard-arnault/,"https://content.fortune.com/wp-content/uploads/2024/01/GettyImages-1834071235-e1706272400804.jpg?resize=1200,600",2024-01-26T13:04:38Z,"Luxurys luster seemed to be dimming in 2023 as the rich held back on lavish spending. However, some players, like LVMH, are defying economic headwinds. The French powerhouse, home to Dior, Louis Vuit… [+3617 chars]"
"{'id': None, 'name': 'Marketscreener.com'}",,LVMH : UBS remains Neutral,(marketscreener.com) UBS confirms his opinion on the stock and remains Neutral. The target price has been modified and is now set at EUR 760 compared to EUR 747.https://www.marketscreener.com/quote/stock/LVMH-4669/news/LVMH-UBS-remains-Neutral-45819640/?utm_m…,https://www.marketscreener.com/quote/stock/LVMH-4669/news/LVMH-UBS-remains-Neutral-45819640/,https://www.marketscreener.com/images/twitter_MS_fdnoir.png,2024-01-26T07:21:31Z,"LVMH : A resilient year-end 
January 26, 2024 at 01:36 am EST"
"{'id': None, 'name': 'Marketscreener.com'}",,LVMH : Barclays sticks Neutral,"(marketscreener.com) In a research note published by Carole Madjo, Barclays gives a Neutral rating to the stock. The target price is unchanged at EUR 800.https://www.marketscreener.com/quote/stock/LVMH-4669/news/LVMH-Barclays-sticks-Neutral-45822378/?utm_medi…",https://www.marketscreener.com/quote/stock/LVMH-4669/news/LVMH-Barclays-sticks-Neutral-45822378/,https://www.marketscreener.com/images/twitter_MS_fdnoir.png,2024-01-26T14:05:29Z,"LVMH : A resilient year-end 
January 26, 2024 at 01:36 am EST"
"{'id': None, 'name': 'Marketscreener.com'}",,LVMH : Buy rating from RBC,(marketscreener.com) RBC analyst Piral Dadhania maintains his Buy rating on the stock. The target price is still set at EUR 790.https://www.marketscreener.com/quote/stock/LVMH-4669/news/LVMH-Buy-rating-from-RBC-45731517/?utm_medium=RSS&utm_content=20240112,https://www.marketscreener.com/quote/stock/LVMH-4669/news/LVMH-Buy-rating-from-RBC-45731517/,https://www.marketscreener.com/images/twitter_MS_fdblanc.png,2024-01-12T12:05:13Z,"LVMH : Back to earth 
October 11, 2023 at 11:04 am EDT"
"{'id': None, 'name': 'Yahoo Entertainment'}",Maleha Afzal,20 Highest Quality Luggage Brands for 2024,"In this article, we will take a look at the 20 highest quality luggage brands in 2024. If you want to skip our detailed analysis, you can go directly to the ...",https://finance.yahoo.com/news/20-highest-quality-luggage-brands-230909763.html,https://s.yimg.com/ny/api/res/1.2/cmwmPpivsQyOLWj09p6ysg--/YXBwaWQ9aGlnaGxhbmRlcjt3PTEyMDA7aD02NzM-/https://media.zenfs.com/en/insidermonkey.com/7b269a0ef17d028eba746ed2e1453ebd,2024-01-23T23:09:09Z,"In this article, we will take a look at the 20 highest quality luggage brands in 2024. If you want to skip our detailed analysis, you can go directly to the 5 Highest Quality Luggage Brands for 2024.… [+12035 chars]"
"{'id': None, 'name': 'Marketscreener.com'}",,LVMH : Deutsche Bank sticks Neutral,"(marketscreener.com) In a research note, Deutsche Bank analyst Matt Garland has maintained his recommendation on the stock with a Neutral rating. The target price remains unchanged at EUR 790.https://www.marketscreener.com/quote/stock/LVMH-4669/news/LVMH-Deut…",https://www.marketscreener.com/quote/stock/LVMH-4669/news/LVMH-Deutsche-Bank-sticks-Neutral-45786578/,https://www.marketscreener.com/images/twitter_MS_fdnoir.png,2024-01-22T18:05:17Z,"LVMH : Back to earth 
October 11, 2023 at 11:04 am EDT"
"{'id': None, 'name': 'Marketscreener.com'}",,LVMH : JP Morgan remains Neutral,"(marketscreener.com) In a research note published by Chiara Battistini, JP Morgan gives a Neutral rating to the stock. The target price is still set at EUR 790.https://www.marketscreener.com/quote/stock/LVMH-4669/news/LVMH-JP-Morgan-remains-Neutral-45821451/?…",https://www.marketscreener.com/quote/stock/LVMH-4669/news/LVMH-JP-Morgan-remains-Neutral-45821451/,https://www.marketscreener.com/images/twitter_MS_fdblanc.png,2024-01-26T12:25:14Z,"LVMH : A resilient year-end 
January 26, 2024 at 01:36 am EST"
"{'id': None, 'name': 'Yahoo Entertainment'}",Chloé Meley and Maggie Shiltagh,"ASML, STMicro on Cusp of Chip Comeback: EMEA Earnings Week Ahead","(Bloomberg) -- The clouds appear to be lifting for the global chip industry after a year riven by weak demand and geopolitical pressures, promising relief...",https://finance.yahoo.com/news/asml-stmicro-cusp-chip-comeback-083639803.html,https://s.yimg.com/ny/api/res/1.2/TeM7DR4LVarwN42uFdE1fw--/YXBwaWQ9aGlnaGxhbmRlcjt3PTEyMDA7aD04MDA-/https://media.zenfs.com/en/bloomberg_markets_842/321b79e758c5eb114e077ccc460e6d3d,2024-01-19T08:36:39Z,"(Bloomberg) -- The clouds appear to be lifting for the global chip industry after a year riven by weak demand and geopolitical pressures, promising relief for ASML Holding NV and STMicroelectronics N… [+6574 chars]"
"{'id': None, 'name': 'Marketscreener.com'}",,LVMH : UBS reaffirms its Neutral rating,(marketscreener.com) UBS analyst Zuzanna Pusz maintains his Neutral opinion on the stock. The target price remains unchanged at EUR 747.https://www.marketscreener.com/quote/stock/LVMH-4669/news/LVMH-UBS-reaffirms-its-Neutral-rating-45775453/?utm_medium=RSS&ut…,https://www.marketscreener.com/quote/stock/LVMH-4669/news/LVMH-UBS-reaffirms-its-Neutral-rating-45775453/,https://www.marketscreener.com/images/twitter_MS_fdnoir.png,2024-01-19T12:50:23Z,"LVMH : Back to earth 
October 11, 2023 at 11:04 am EDT"
"{'id': None, 'name': 'Marketscreener.com'}",,LVMH : Goldman Sachs maintains a Buy rating,"(marketscreener.com) Goldman Sachs is positive on the stock with a Buy rating. Previously set at EUR 980, the target price has been slightly modified to EUR 1000.https://www.marketscreener.com/quote/stock/LVMH-4669/news/LVMH-Goldman-Sachs-maintains-a-Buy-rati…",https://www.marketscreener.com/quote/stock/LVMH-4669/news/LVMH-Goldman-Sachs-maintains-a-Buy-rating-45820937/,https://www.marketscreener.com/images/twitter_MS_fdblanc.png,2024-01-26T11:19:13Z,"LVMH : A resilient year-end 
January 26, 2024 at 01:36 am EST"
"{'id': None, 'name': 'Biztoc.com'}",barrons.com,Luxury Stocks Sparkle After LVMH Earnings,"The S&P 500 was fluctuating Friday, but luxury stocks in the index strutted higher. Shares of Tapestry, which owns brands like Coach and Kate Spade, was up 1.8%. Makeup brand Estee Lauder’s stock was up 2.8% whereas clothing brand Ralph Lauren’s stock was up …",https://biztoc.com/x/c3ad2dfe147c94f2,https://c.biztoc.com/p/c3ad2dfe147c94f2/s.webp,2024-01-26T15:48:43Z,"The S&amp;P 500 was fluctuating Friday, but luxury stocks in the index strutted higher.Shares of Tapestry, which owns brands like Coach and Kate Spade, was up 1.8%. Makeup brand Estee Lauders stock w… [+282 chars]"
"{'id': None, 'name': 'Marketscreener.com'}",,LVMH : Receives a Buy rating from RBC,"(marketscreener.com) In a research note published by Piral Dadhania, RBC advises its customers to buy the stock. The target price continues to be set at EUR 790.https://www.marketscreener.com/quote/stock/LVMH-4669/news/LVMH-Receives-a-Buy-rating-from-RBC-4569…",https://www.marketscreener.com/quote/stock/LVMH-4669/news/LVMH-Receives-a-Buy-rating-from-RBC-45690571/,https://www.marketscreener.com/images/twitter_MS_fdblanc.png,2024-01-08T10:36:38Z,"LVMH : Back to earth 
October 11, 2023 at 11:04 am EDT"
"{'id': None, 'name': 'Marketscreener.com'}",,LVMH : Jefferies reaffirms its Neutral rating,(marketscreener.com) James Grzinic from Jefferies retains his Neutral opinion on the stock. No major update to the target price set at EUR 710 compared to EUR 695.https://www.marketscreener.com/quote/stock/LVMH-4669/news/LVMH-Jefferies-reaffirms-its-Neutral-r…,https://www.marketscreener.com/quote/stock/LVMH-4669/news/LVMH-Jefferies-reaffirms-its-Neutral-rating-45732076/,https://www.marketscreener.com/images/twitter_MS_fdnoir.png,2024-01-12T13:02:13Z,"LVMH : Back to earth 
October 11, 2023 at 11:04 am EDT"
"{'id': None, 'name': 'Marketscreener.com'}",,LVMH : Goldman Sachs gives a Buy rating,(marketscreener.com) Goldman Sachs analyst Louise Singlehurst maintains his Buy rating on the stock. The target price is being increased from EUR 950 to EUR 980.https://www.marketscreener.com/quote/stock/LVMH-4669/news/LVMH-Goldman-Sachs-gives-a-Buy-rating-45…,https://www.marketscreener.com/quote/stock/LVMH-4669/news/LVMH-Goldman-Sachs-gives-a-Buy-rating-45723510/,https://www.marketscreener.com/images/twitter_MS_fdnoir.png,2024-01-11T13:27:20Z,"LVMH : Back to earth 
October 11, 2023 at 11:04 am EDT"
"{'id': None, 'name': 'Marketscreener.com'}",,LVMH : Bernstein reiterates its Buy rating,"(marketscreener.com) In a research note published by Luca Solca, Bernstein advises its customers to buy the stock. The target price is unchanged at EUR 849.https://www.marketscreener.com/quote/stock/LVMH-4669/news/LVMH-Bernstein-reiterates-its-Buy-rating-4582…",https://www.marketscreener.com/quote/stock/LVMH-4669/news/LVMH-Bernstein-reiterates-its-Buy-rating-45821098/,https://www.marketscreener.com/images/twitter_MS_fdnoir.png,2024-01-26T11:42:14Z,"LVMH : A resilient year-end 
January 26, 2024 at 01:36 am EST"
"{'id': None, 'name': 'Marketscreener.com'}",,LVMHh names Frederic Arnault CEO of LVMH Watches,"(marketscreener.com) LVMH has named
Frederic Arnault Chief Executive Officer of LVMH Watches,
overseeing the TAG Heuer, Hublot and Zenith brands, the luxury
group said on Friday.
 Arnault, one of LVMH CEO Bernard Arnault's five children,
has worked for Tag He…",https://www.marketscreener.com/quote/stock/LVMH-4669/news/LVMHh-names-Frederic-Arnault-CEO-of-LVMH-Watches-45682258/,https://www.marketscreener.com/images/twitter_MS_fdblanc.png,2024-01-05T15:09:18Z,"PARIS, Jan 5 (Reuters) - LVMH has named
Frederic Arnault Chief Executive Officer of LVMH Watches,
overseeing the TAG Heuer, Hublot and Zenith brands, the luxury
group said on Friday.
Arnault, one… [+240 chars]"
"{'id': None, 'name': 'Marketscreener.com'}",,China growth measures and LVMH lift mood,"(marketscreener.com) Stock prices in London were up at midday, with investors optimistic ahead of a key US inflation reading. 

Promising earnings from LVMH late Thursday lifted the luxury retail sector, while support measures for China's property sector also…",https://www.marketscreener.com/quote/stock/LVMH-4669/news/China-growth-measures-and-LVMH-lift-mood-45821354/,https://www.marketscreener.com/images/twitter_MS_fdblanc.png,2024-01-26T12:12:12Z,"(Alliance News) - Stock prices in London were up at midday, with investors optimistic ahead of a key US inflation reading. 
Promising earnings from LVMH late Thursday lifted the luxury retail sector… [+5451 chars]"
"{'id': None, 'name': 'Marketscreener.com'}",,LVMH : A resilient year-end,(marketscreener.com) FIRST TAKELVMH has reported a resilient year-end performance with both top-line growth and profitability above the consensus expectations. The growth was mainly driven by the considerable improvement in the W&S business at the end of the …,https://www.marketscreener.com/quote/stock/LVMH-4669/news/LVMH-A-resilient-year-end-45818498/,https://www.marketscreener.com/images/reuters/2018-07-25T065747Z_1_LYNXMPEE6O0DW_RTROPTP_3_LVMH-LUXURY.JPG,2024-01-26T06:36:07Z,"LVMH : Back to earth 
October 11, 2023 at 11:04 am EDT"
"{'id': None, 'name': 'Forbes'}","Forbes Daily, Forbes Staff, 
 Forbes Daily, Forbes Staff
 https://www.forbes.com/sites/forbesdaily/",Forbes Daily: LVMH’s Bernard Arnault Is The World’s Richest Person,Iran denies involvement in drone strike; another Tesla recall; Arnault's wealth surpasses Musk; Biden pauses natural gas exports; selling Mary Kay in war-torn Ukraine.,https://www.forbes.com/sites/forbesdaily/2024/01/29/forbes-daily-lvmhs-bernard-arnault-is-the-worlds-richest-person/,"https://imageio.forbes.com/specials-images/imageserve/65b7a4247ce11ae735d3caf5/0x0.jpg?format=jpg&crop=3316,1867,x0,y170,safe&height=900&width=1600&fit=bounds",2024-01-29T13:24:18Z,"This is a published version of the Forbes Daily newsletter, you can sign-up to get Forbes Daily in your inbox here.
Good morning to you and to Japans Moon Sniper rover, which regained power and woke… [+8467 chars]"
"{'id': None, 'name': 'Marketscreener.com'}",,2023: New record year for LVMH,"(marketscreener.com) . Revenue: €86.2 billion. Profit from recurring operations: €22.8 billion. Growth higher in the fourth quarter than in the third quarter. Major economic and social impact in France and around the world Paris, January 25th, 2024 LVMH Moët …",https://www.marketscreener.com/quote/stock/LVMH-4669/news/2023-New-record-year-for-LVMH-45814951/,https://www.marketscreener.com/images/twitter_MS_fdblanc.png,2024-01-25T16:46:02Z,. Revenue: 86.2 billion. Profit from recurring operations: 22.8 billion. Growth higher in the fourth quarter than in the third quarter. Major economic and social impact in France and around the world… [+24797 chars]
"{'id': None, 'name': 'Marketscreener.com'}",,Michael Burke named LVMH Fashion Group chairman and CEO,"(marketscreener.com) Michael Burke has been appointed as the new chairman and chief executive of LVMH Fashion Group, overseeing all of the group's fashion labels, the luxury goods giant said on Thursday.https://www.marketscreener.com/quote/stock/LVMH-4669/new…",https://www.marketscreener.com/quote/stock/LVMH-4669/news/Michael-Burke-named-LVMH-Fashion-Group-chairman-and-CEO-45768547/,https://www.marketscreener.com/images/reuters/2024-01/2024-01-18T164446Z_1_LYNXMPEK0H0QS_RTROPTP_3_LVMH-MANAGEMENT.JPG,2024-01-18T16:44:46Z,"PARIS (Reuters) - Michael Burke has been appointed as the new chairman and chief executive of LVMH Fashion Group, overseeing all of the group's fashion labels, the luxury goods giant said on Thursday… [+506 chars]"
"{'id': None, 'name': 'Marketscreener.com'}",,"LVMH shares up 7% after reassuring Q4, lifts luxury peers","(marketscreener.com) Shares in LVMH were up by around 7% in early Paris trade on Friday following the French luxury giant's latest quarterly results, lifting peers including Hermes, Kering and Pernod Ricard, which were all up by more than 3%. https://www.mark…",https://www.marketscreener.com/quote/stock/LVMH-4669/news/LVMH-shares-up-7-after-reassuring-Q4-lifts-luxury-peers-45819925/,https://www.marketscreener.com/images/reuters/2024-01/2024-01-25T164917Z_1_LYNXMPEK0O0OD_RTROPTP_3_LVMH-RESULTS.JPG,2024-01-26T08:25:23Z,"January 26, 2024 at 03:25 am EST
PARIS (Reuters) - Shares in LVMH were up by around 7% in early Paris trade on Friday following the French luxury giant's latest quarterly results, lifting peers incl… [+569 chars]"
"{'id': None, 'name': 'Marketscreener.com'}",,LVMH: appointments in the Watches & Jewelry division,"(marketscreener.com) LVMH announces a series of appointments within the Watches & Jewelry division, effective January 1. Frédéric Arnault, CEO of TAG Heuer since 2020, has been appointed CEO of the LVMH Watches division, overseeing Hublot, TAG Heuer and Zenit…",https://www.marketscreener.com/quote/stock/LVMH-4669/news/LVMH-appointments-in-the-Watches-Jewelry-division-45682537/,https://www.marketscreener.com/images/twitter_MS_fdnoir.png,2024-01-05T16:16:06Z,"LVMH announces a series of appointments within the Watches &amp; Jewelry division, effective January 1. Frédéric Arnault, CEO of TAG Heuer since 2020, has been appointed CEO of the LVMH Watches divis… [+256 chars]"
"{'id': None, 'name': 'Marketscreener.com'}",,"European shares rise on strong results from LVMH, Remy Cointreau","(marketscreener.com) European equities opened higher on
Friday, boosted by upbeat quarterly updates from luxury group
LVMH and spirits maker Remy Cointreau, while investors gauged
interest rate cut prospects, a day after the European Central
Bank left rates u…",https://www.marketscreener.com/quote/stock/LVMH-4669/news/European-shares-rise-on-strong-results-from-LVMH-Remy-Cointreau-45819943/,https://www.marketscreener.com/images/reuters/2024-01/2024-01-26T082714Z_1_LYNXMPEK0P07P_RTROPTP_3_EUROPE-STOCKS.JPG,2024-01-26T08:03:44Z,"Jan 26 (Reuters) - European equities opened higher on
Friday, boosted by upbeat quarterly updates from luxury group
LVMH and spirits maker Remy Cointreau, while investors gauged
interest rate cut … [+1027 chars]"
"{'id': None, 'name': 'DW (English)'}",Timothy Rooks,"Francoise Bettencourt Meyers, the first $100-billion woman",French cosmetics billionaire Francoise Bettencourt Meyers is the first woman to break through the $100-billion ceiling. Who is she and how did she become the world's richest woman?,https://www.dw.com/en/who-is-the-richest-woman-in-the-world-francoise-bettencourt-meyers/a-67873987,https://static.dw.com/image/67873962_6.jpg,2024-01-04T11:17:00Z,"It takes money to make money. There is hardly a better example of this than French billionaire Francoise Bettencourt Meyers.
In late December, she broke through the $100-billion ceiling and became t… [+4569 chars]"
"{'id': None, 'name': 'Marketscreener.com'}",,LVMH : JP Morgan gives a Neutral rating,"(marketscreener.com) In his latest research note, analyst Chiara Battistini confirms his recommendation. The broker JP Morgan is keeping its Neutral rating. The target price continues to be set at EUR 790.https://www.marketscreener.com/quote/stock/LVMH-4669/n…",https://www.marketscreener.com/quote/stock/LVMH-4669/news/LVMH-JP-Morgan-gives-a-Neutral-rating-45723448/,https://www.marketscreener.com/images/twitter_MS_fdblanc.png,2024-01-11T13:19:34Z,"LVMH : Back to earth 
October 11, 2023 at 11:04 am EDT"
"{'id': None, 'name': 'Marketscreener.com'}",,LVMH : JP Morgan reiterates its Neutral rating,"(marketscreener.com) Initially Neutral on the company, JP Morgan's analyst Celine Pannuti maintained his recommendation. The target price is unchanged and still at EUR 790.https://www.marketscreener.com/quote/stock/LVMH-4669/news/LVMH-JP-Morgan-reiterates-its…",https://www.marketscreener.com/quote/stock/LVMH-4669/news/LVMH-JP-Morgan-reiterates-its-Neutral-rating-45816032/,https://www.marketscreener.com/images/twitter_MS_fdnoir.png,2024-01-25T20:27:23Z,"LVMH : Back to earth 
October 11, 2023 at 11:04 am EDT"
"{'id': None, 'name': 'Marketscreener.com'}",,LVMH : UBS gives a Neutral rating,"(marketscreener.com) In his latest research note, analyst Zuzanna Pusz confirms his recommendation. The broker UBS is keeping its Neutral rating. The target price is still set at EUR 747.https://www.marketscreener.com/quote/stock/LVMH-4669/news/LVMH-UBS-gives…",https://www.marketscreener.com/quote/stock/LVMH-4669/news/LVMH-UBS-gives-a-Neutral-rating-45815732/,https://www.marketscreener.com/images/twitter_MS_fdnoir.png,2024-01-25T18:56:16Z,"LVMH : Back to earth 
October 11, 2023 at 11:04 am EDT"
"{'id': None, 'name': 'Marketscreener.com'}",,LVMH : Gets a Neutral rating from Deutsche Bank,(marketscreener.com) Matt Garland from Deutsche Bank retains his Neutral opinion on the stock. The target price continues to be set at EUR 790.https://www.marketscreener.com/quote/stock/LVMH-4669/news/LVMH-Gets-a-Neutral-rating-from-Deutsche-Bank-45792183/?ut…,https://www.marketscreener.com/quote/stock/LVMH-4669/news/LVMH-Gets-a-Neutral-rating-from-Deutsche-Bank-45792183/,https://www.marketscreener.com/images/twitter_MS_fdnoir.png,2024-01-23T11:50:28Z,"LVMH : Back to earth 
October 11, 2023 at 11:04 am EDT"
"{'id': None, 'name': 'Marketscreener.com'}",,LVMH roles held by Bernard Arnault's children,"(marketscreener.com) LVMH Chairman and CEO
Bernard Arnault's five children have been moving up the ranks
of the luxury empire.
All of them hold top management roles in the company.
DELPHINE ARNAULT, 48, became chairman and CEO of fashion label
Christian Dior …",https://www.marketscreener.com/quote/stock/LVMH-4669/news/LVMH-roles-held-by-Bernard-Arnault-s-children-45682464/,https://www.marketscreener.com/images/reuters/2024-01/2024-01-05T161115Z_1_LYNXMPEK040IK_RTROPTP_3_LVMH-MANAGEMENT-WATCHES.JPG,2024-01-05T15:59:01Z,"LVMH : Back to earth 
October 11, 2023 at 11:04 am EDT"
"{'id': None, 'name': 'Marketscreener.com'}",,LVMH: UBS raises its price target,"(marketscreener.com) While maintaining its 'neutral' position on LVMH, UBS has raised its target price from 747 to 760, a new target that offers an 11% upside potential for the world's number one luxury goods company, the day after its publication.LVMH has …",https://www.marketscreener.com/quote/stock/LVMH-4669/news/LVMH-UBS-raises-its-price-target-45820313/,https://www.marketscreener.com/images/twitter_MS_fdnoir.png,2024-01-26T09:43:05Z,"While maintaining its 'neutral' position on LVMH, UBS has raised its target price from 747 to 760, a new target that offers an 11% upside potential for the world's number one luxury goods company, th… [+683 chars]"
"{'id': None, 'name': 'Marketscreener.com'}",,LVMH grows sales as luxury shoppers show resilience,"(marketscreener.com) Luxury goods group LVMH
posted a 10% rise in fourth quarter sales, as growth
edged up from the previous quarter, driven by resilient demand
for its high end fashion labels.
 Sales at the world's biggest luxury group, which owns labels
inc…",https://www.marketscreener.com/quote/stock/LVMH-4669/news/LVMH-grows-sales-as-luxury-shoppers-show-resilience-45814978/,https://www.marketscreener.com/images/reuters/2024-01/2024-01-25T164917Z_1_LYNXMPEK0O0OD_RTROPTP_3_LVMH-RESULTS.JPG,2024-01-25T16:45:00Z,"PARIS, Jan 25 (Reuters) - Luxury goods group LVMH
posted a 10% rise in fourth quarter sales, as growth
edged up from the previous quarter, driven by resilient demand
for its high end fashion label… [+1937 chars]"
"{'id': None, 'name': 'Marketscreener.com'}",,"LVMH: Oddo BHF remains positive, but lowers its target","(marketscreener.com) Oddo BHF reaffirms its 'outperform' rating on LVMH, in view of the 12-month upside potential implied by its price target, albeit lowered from 825 to 808 euros to reflect slightly less optimistic earnings forecasts.The research department …",https://www.marketscreener.com/quote/stock/LVMH-4669/news/LVMH-Oddo-BHF-remains-positive-but-lowers-its-target-45820119/,https://www.marketscreener.com/images/twitter_MS_fdnoir.png,2024-01-26T09:03:06Z,"Oddo BHF reaffirms its 'outperform' rating on LVMH, in view of the 12-month upside potential implied by its price target, albeit lowered from 825 to 808 euros to reflect slightly less optimistic earn… [+944 chars]"
"{'id': None, 'name': 'Marketscreener.com'}",,LVMH: Berlutti presents its new autumn-winter collection,"(marketscreener.com) LVMH announces that Berlutti is presenting its new collection for Autumn-Winter 2024, highlighting the House's expertise and emblems.' At Berluti, the transition from autumn to winter is made by adapting the wardrobe: leathers are made li…",https://www.marketscreener.com/quote/stock/LVMH-4669/news/LVMH-Berlutti-presents-its-new-autumn-winter-collection-45776000/,https://www.marketscreener.com/images/twitter_MS_fdnoir.png,2024-01-19T13:53:07Z,"LVMH announces that Berlutti is presenting its new collection for Autumn-Winter 2024, highlighting the House's expertise and emblems.' At Berluti, the transition from autumn to winter is made by adap… [+364 chars]"
"{'id': None, 'name': 'Marketscreener.com'}",,Michael Burke appointed as new LVMH Fashion Group chairman and CEO,"(marketscreener.com) Michael Burke has been
appointed as the new chairman and chief executive of LVMH
Fashion Group, overseeing all of the group's fashion
labels, said the luxury goods giant on Thursday.
 Former Fashion Group head Sidney Toledano was named ad…",https://www.marketscreener.com/quote/stock/LVMH-4669/news/Michael-Burke-appointed-as-new-LVMH-Fashion-Group-chairman-and-CEO-45768435/,https://www.marketscreener.com/images/twitter_MS_fdblanc.png,2024-01-18T16:16:39Z,"PARIS, Jan 18 (Reuters) - Michael Burke has been
appointed as the new chairman and chief executive of LVMH
Fashion Group, overseeing all of the group's fashion
labels, said the luxury goods giant … [+240 chars]"
"{'id': None, 'name': 'Marketscreener.com'}",,LVMH Shares Jump After Sales Results Bring Hope for Luxury Industry,"(marketscreener.com) 
 By David Sachs 


 LVMH Moet Hennessy Louis Vuitton shares jumped in early trading Friday after the company reported higher-than-expected sales for 2023. 

 At 0817 GMT, shares in the luxury-goods giant were up 8% at EUR740.70. 

 The c…",https://www.marketscreener.com/quote/stock/LVMH-4669/news/LVMH-Shares-Jump-After-Sales-Results-Bring-Hope-for-Luxury-Industry-45820001/,https://www.marketscreener.com/images/twitter_MS_fdnoir.png,2024-01-26T08:38:07Z,"By David Sachs 
LVMH Moet Hennessy Louis Vuitton shares jumped in early trading Friday after the company reported higher-than-expected sales for 2023. 
At 0817 GMT, shares in the luxury-goods giant… [+639 chars]"
"{'id': None, 'name': 'Marketscreener.com'}",,LVMH: Group net income of 15.2 billion euros in 2023,"(marketscreener.com) LVMH Moët Hennessy Louis Vuitton will achieve sales of 86.2 billion euros in 2023, with organic growth of 13% compared to 2022.' All businesses are reporting sustained organic sales growth, with the exception of Wines and Spirits, which a…",https://www.marketscreener.com/quote/stock/LVMH-4669/news/LVMH-Group-net-income-of-15-2-billion-euros-in-2023-45815220/,https://www.marketscreener.com/images/twitter_MS_fdblanc.png,2024-01-25T17:08:23Z,"LVMH Moët Hennessy Louis Vuitton will achieve sales of 86.2 billion euros in 2023, with organic growth of 13% compared to 2022.' All businesses are reporting sustained organic sales growth, with the … [+861 chars]"
"{'id': None, 'name': 'Investing.com'}",Reuters,"European shares rise on strong results from LVMH, Remy Cointreau","European shares rise on strong results from LVMH, Remy Cointreau",https://www.investing.com/news/economy/european-shares-rise-on-strong-results-from-lvmh-remy-cointreau-3283760,https://i-invdn-com.investing.com/news/indicatornews_6_800x533_L_1412601562.jpg,2024-01-26T08:30:57Z,"(Reuters) - European equities opened higher on Friday, boosted by upbeat quarterly updates from luxury group LVMH and spirits maker Remy Cointreau, while investors gauged interest rate cut prospects,… [+1004 chars]"
"{'id': None, 'name': 'ETF Daily News'}",MarketBeat News,"LVMH Moët Hennessy – Louis Vuitton, Société Européenne (OTCMKTS:LVMUY) Receives Consensus Recommendation of “Hold” from Analysts","LVMH Moët Hennessy – Louis Vuitton, Société Européenne (OTCMKTS:LVMUY – Get Free Report) has received an average recommendation of “Hold” from the six research firms that are presently covering the company, Marketbeat reports. Four equities research analysts …",https://www.etfdailynews.com/2024/01/23/lvmh-moet-hennessy-louis-vuitton-societe-europeenne-otcmktslvmuy-receives-consensus-recommendation-of-hold-from-analysts/,https://www.americanbankingnews.com/wp-content/timthumb/timthumb.php?src=https://www.marketbeat.com/logos/lvmh-moet-hennessy-louis-vuitton-se-logo-1200x675.gif&w=240&h=240&zc=2,2024-01-23T06:30:42Z,"LVMH Moët Hennessy – Louis Vuitton, Société Européenne (OTCMKTS:LVMUY – Get Free Report) has received an average recommendation of “Hold” from the six research firms that are presently covering the c… [+2646 chars]"
"{'id': None, 'name': 'Marketscreener.com'}",,Louis Vuitton Owner's Sales Beat Expectations,"(marketscreener.com) 
 By Mauro Orru 


 LVMH Moet Hennessy Louis Vuitton posted sales above analysts' forecasts for 2023, led by strong growth at its core fashion and leather-goods division, and said it had entered the new year with confidence. 


 Write to …",https://www.marketscreener.com/quote/stock/LVMH-4669/news/Louis-Vuitton-Owner-s-Sales-Beat-Expectations-45815240/,https://www.marketscreener.com/images/twitter_MS_fdblanc.png,2024-01-25T17:12:02Z,"By Mauro Orru 
LVMH Moet Hennessy Louis Vuitton posted sales above analysts' forecasts for 2023, led by strong growth at its core fashion and leather-goods division, and said it had entered the new … [+109 chars]"
"{'id': None, 'name': 'Marketscreener.com'}",,"LVMH's Arnault Set To Propose Sons Alexandre, Frederic For Co's Board - Bloomberg News","(marketscreener.com) 
 Jan 22 -
 * LVMH'S ARNAULT SET TO PROPOSE SONS ALEXANDRE, FREDERIC FOR
COMPANY'S BOARD - BLOOMBERG NEWS
Source textL https://bloom.bg/42oB6z7
Further company coverage:
 https://www.marketscreener.com/quote/stock/LVMH-4669/news/LVMH-s-Ar…",https://www.marketscreener.com/quote/stock/LVMH-4669/news/LVMH-s-Arnault-Set-To-Propose-Sons-Alexandre-Frederic-For-Co-s-Board-Bloomberg-News-45785245/,https://www.marketscreener.com/images/twitter_MS_fdblanc.png,2024-01-22T14:20:51Z,"Jan 22 (Reuters) -
* LVMH'S ARNAULT SET TO PROPOSE SONS ALEXANDRE, FREDERIC FOR
COMPANY'S BOARD - BLOOMBERG NEWS
Source textL https://bloom.bg/42oB6z7
Further company coverage:"
"{'id': None, 'name': 'Biztoc.com'}",marketwatch.com,LVMH leads luxury stock rally following record 2023 results despite market slump,"LVMH Moet Hennessy Louis Vuitton’s Paris listed shares surged on Friday following the luxury firm’s decision to hike its dividend on the back of record 2023 results, in a rally that lifted shares across the luxury sector amid a slowdown that has pummeled the …",https://biztoc.com/x/5cf08eef928749f8,https://c.biztoc.com/p/5cf08eef928749f8/s.webp,2024-01-26T11:10:21Z,"LVMH Moet Hennessy Louis Vuittons Paris listed shares surged on Friday following the luxury firms decision to hike its dividend on the back of record 2023 results, in a rally that lifted shares acros… [+313 chars]"
"{'id': None, 'name': 'Investing.com'}",Investing.com,LVMH shares jump after fashion division posts solid growth in Q4,LVMH shares jump after fashion division posts solid growth in Q4,https://www.investing.com/news/stock-market-news/lvmh-fashion-division-posts-solid-growth-in-q4-432SI-3283361,https://i-invdn-com.investing.com/news/LYNXMPEA6G0X0_L.jpg,2024-01-26T11:19:26Z,"Shares in LVMH (EPA:LVMH) surged on Friday after the world's largest luxury goods group said quarter-on-quarter growth was higher in the fourth quarter, while organic growth was 13% year-on-year in 2… [+1689 chars]"
"{'id': None, 'name': 'Marketscreener.com'}",,News Highlights: Top Company News of the Day - Thursday at 3 PM ET,"(marketscreener.com) 
FTC Announces AI Review to Probe Roles of Big Tech Companies 
 

 The agency has issued orders seeking information about artificial-intelligence investments to Microsoft, OpenAI, Amazon.com, Anthropic and Google-owner Alphabet. 

 
Louis…",https://www.marketscreener.com/quote/stock/LVMH-4669/news/News-Highlights-Top-Company-News-of-the-Day-Thursday-at-3-PM-ET-45815989/,https://www.marketscreener.com/images/twitter_MS_fdnoir.png,2024-01-25T20:16:16Z,"FTC Announces AI Review to Probe Roles of Big Tech Companies 
The agency has issued orders seeking information about artificial-intelligence investments to Microsoft, OpenAI, Amazon.com, Anthropic a… [+1844 chars]"
"{'id': None, 'name': 'Marketscreener.com'}",,News Highlights: Top Company News of the Day - Thursday at 1 PM ET,"(marketscreener.com) 
Louis Vuitton Owner's Sales Beat Expectations 
 

 LVMH Moet Hennessy Louis Vuitton said it entered the new year with confidence after posting above-forecast sales for 2023.. 

 
Vince McMahon Accused of Sex Trafficking by WWE Staffer 
 …",https://www.marketscreener.com/quote/stock/LVMH-4669/news/News-Highlights-Top-Company-News-of-the-Day-Thursday-at-1-PM-ET-45815571/,https://www.marketscreener.com/images/twitter_MS_fdnoir.png,2024-01-25T18:16:17Z,"Louis Vuitton Owner's Sales Beat Expectations 
LVMH Moet Hennessy Louis Vuitton said it entered the new year with confidence after posting above-forecast sales for 2023.. 
Vince McMahon Accused of … [+1834 chars]"
"{'id': None, 'name': 'Marketscreener.com'}",,Louis Vuitton Owner's Sales Beat Expectations -- 2nd Update,"(marketscreener.com) 
 By Mauro Orru 


 LVMH Moet Hennessy Louis Vuitton posted sales above analysts' forecasts for 2023, led by strong growth at its core fashion and leather-goods division, and said it had entered the new year with confidence. 

 The owner …",https://www.marketscreener.com/quote/stock/LVMH-4669/news/Louis-Vuitton-Owner-s-Sales-Beat-Expectations-2nd-Update-45815416/,https://www.marketscreener.com/images/twitter_MS_fdnoir.png,2024-01-25T17:44:08Z,"By Mauro Orru 
LVMH Moet Hennessy Louis Vuitton posted sales above analysts' forecasts for 2023, led by strong growth at its core fashion and leather-goods division, and said it had entered the new … [+1973 chars]"
"{'id': None, 'name': 'Marketscreener.com'}",,News Highlights: Top Company News of the Day - Friday at 1 AM ET,"(marketscreener.com) 
Equinor, BP to Swap Stakes in New York Wind Projects 
 

 The 50-50 partners will exchange stakes to acquire full control, with Equinor getting all of Empire Wind, and BP the entirety of Beacon Wind. 

 
Louis Vuitton Owner's Sales Beat …",https://www.marketscreener.com/quote/stock/LVMH-4669/news/News-Highlights-Top-Company-News-of-the-Day-Friday-at-1-AM-ET-45818425/,https://www.marketscreener.com/images/twitter_MS_fdnoir.png,2024-01-26T06:16:19Z,"Equinor, BP to Swap Stakes in New York Wind Projects 
The 50-50 partners will exchange stakes to acquire full control, with Equinor getting all of Empire Wind, and BP the entirety of Beacon Wind. 
… [+1818 chars]"
"{'id': None, 'name': 'Marketscreener.com'}",,Louis Vuitton Owner's Sales Beat Expectations -- Update,"(marketscreener.com) 
 By Mauro Orru 


 LVMH Moet Hennessy Louis Vuitton posted sales above analysts' forecasts for 2023, led by strong growth at its core fashion and leather-goods division, and said it had entered the new year with confidence. 

 The owner …",https://www.marketscreener.com/quote/stock/LVMH-4669/news/Louis-Vuitton-Owner-s-Sales-Beat-Expectations-Update-45815324/,https://www.marketscreener.com/images/twitter_MS_fdblanc.png,2024-01-25T17:26:16Z,"By Mauro Orru 
LVMH Moet Hennessy Louis Vuitton posted sales above analysts' forecasts for 2023, led by strong growth at its core fashion and leather-goods division, and said it had entered the new … [+1065 chars]"
"{'id': None, 'name': 'Marketscreener.com'}",,"European Midday Briefing: Stocks Rise as Luxury Goods, Spirits Gain","(marketscreener.com) 
 MARKET WRAPS 

 Stocks: 

 European shares were higher on Friday as luxury-goods stocks advanced after better-than-expected results from LVMH. 

 LVMH 's results are likely to tame investor concerns regarding the luxury outlook, given m…",https://www.marketscreener.com/news/latest/European-Midday-Briefing-Stocks-Rise-as-Luxury-Goods-Spirits-Gain-45820733/,https://www.marketscreener.com/images/twitter_MS_fdblanc.png,2024-01-26T10:57:16Z,"MARKET WRAPS 
Stocks: 
European shares were higher on Friday as luxury-goods stocks advanced after better-than-expected results from LVMH. 
LVMH 's results are likely to tame investor concerns reg… [+8856 chars]"
"{'id': None, 'name': 'CNA'}",,Wall Street up despite US jobs data dashing early rate cut hopes,"NEW YORK: Wall Street stocks edged higher Friday (Jan 5), despite strong US jobs numbers pouring cold water on hopes the Federal Reserve will cut interest rates in the world's top economy in the next few months. The Fed signalled last month that it sees itsel…",https://www.channelnewsasia.com/business/wall-street-despite-us-jobs-data-dashing-early-rate-cut-hopes-4026531,"https://onecms-res.cloudinary.com/image/upload/s--4tzop6XU--/fl_relative,g_south_east,l_mediacorp:cna:watermark:2023-11:afp_watermark_14112023,w_0.1/f_auto,q_auto/c_fill,g_auto,h_676,w_1200/v1/one-cms/core/de07711ba4fa23a22c47e461d2611ed384e51af0.jpg?itok=3q9XkIh6",2024-01-06T00:38:51Z,"NEW YORK: Wall Street stocks edged higher Friday (Jan 5), despite strong US jobs numbers pouring cold water on hopes the Federal Reserve will cut interest rates in the world's top economy in the next… [+2710 chars]"
"{'id': None, 'name': 'Marketscreener.com'}",,News Highlights: Top Company News of the Day - Friday at 7 AM ET,"(marketscreener.com) 
LVMH leads luxury stock rally following record 2023 results despite market slump 
 
 
One Stock in the 'Magnificent Seven' Isn't So Magnificent 
 

 Tesla shares have dropped during an otherwise banner stretch for technology heavyweights…",https://www.marketscreener.com/quote/stock/INTEL-CORPORATION-4829/news/News-Highlights-Top-Company-News-of-the-Day-Friday-at-7-AM-ET-45821388/,https://www.marketscreener.com/images/twitter_MS_fdblanc.png,2024-01-26T12:16:31Z,"LVMH leads luxury stock rally following record 2023 results despite market slump 
One Stock in the 'Magnificent Seven' Isn't So Magnificent 
Tesla shares have dropped during an otherwise banner str… [+1571 chars]"
"{'id': None, 'name': 'Biztoc.com'}",fortune.com,"Elon Musk loses title as world’s richest person to LVMH patriarch Bernard Arnault, paying the price for January rout in Tesla stock","Elon Musk has lost bragging rights as the world’s wealthiest tycoon to Bernard Arnault, the French patriarch behind luxury goods giant LVMH, following a disastrous January during which Tesla shed a staggering $200 billion in market value. The drop reflects a …",https://biztoc.com/x/c97a8de2319e1427,https://c.biztoc.com/p/c97a8de2319e1427/s.webp,2024-01-29T13:02:05Z,"Elon Musk has lost bragging rights as the worlds wealthiest tycoon to Bernard Arnault, the French patriarch behind luxury goods giant LVMH, following a disastrous January during which Tesla shed a st… [+281 chars]"
"{'id': None, 'name': 'Biztoc.com'}",aol.com,"Elon Musk loses title as world’s richest person to LVMH patriarch Bernard Arnault, paying the price for January rout in Tesla stock","Elon Musk has lost bragging rights as the world’s wealthiest tycoon to Bernard Arnault, the French patriarch behind luxury goods giant LVMH, following a disastrous January during which Tesla shed a staggering $200 billion in market value. The drop reflects a …",https://biztoc.com/x/7dd5761f16752d89,https://c.biztoc.com/p/7dd5761f16752d89/s.webp,2024-01-29T15:14:10Z,"Elon Musk has lost bragging rights as the worlds wealthiest tycoon to Bernard Arnault, the French patriarch behind luxury goods giant LVMH, following a disastrous January during which Tesla shed a st… [+275 chars]"
"{'id': None, 'name': 'Biztoc.com'}",fortune.com,"Elon Musk loses title as world’s richest person to LVMH patriarch Bernard Arnault, paying the price for January rout in Tesla stock","Elon Musk has lost bragging rights as the world’s wealthiest tycoon to Bernard Arnault, the French patriarch behind luxury goods giant LVMH, following a disastrous January during which Tesla shed a staggering $200 billion in market value. The drop reflects a …",https://biztoc.com/x/4e71959014164a02,https://c.biztoc.com/p/4e71959014164a02/og.webp,2024-01-29T17:22:14Z,"Elon Musk has lost bragging rights as the worlds wealthiest tycoon to Bernard Arnault, the French patriarch behind luxury goods giant LVMH, following a disastrous January during which Tesla shed a st… [+281 chars]"
"{'id': None, 'name': 'Biztoc.com'}",markets.businessinsider.com,Elon Musk is now worth just under $200 billion,"Elon Musk's wealth is down $30 billion this year to just under $200 billion, per Bloomberg. • Tesla's stock has tanked 26% this year on weakening growth for the EV maker. • Jeff Bezos is just $15 billion behind Musk, threatening his crown as the world's riche…",https://biztoc.com/x/7a81a6dee06377fb,https://c.biztoc.com/p/7a81a6dee06377fb/og.webp,2024-01-29T16:20:20Z,"Elon Musk's wealth is down $30 billion this year to just under $200 billion, per Bloomberg.Tesla's stock has tanked 26% this year on weakening growth for the EV maker.Jeff Bezos is just $15 billion b… [+245 chars]"
"{'id': None, 'name': 'Biztoc.com'}",aol.com,Elon Musk is now worth just under $200 billion,"None Elon Musk's wealth is down $30 billion this year to just under $200 billion, per Bloomberg. • None Tesla's stock has tanked 26% this year on weakening growth for the EV maker. • None Jeff Bezos is just $15 billion behind Musk, threatening his crown as th…",https://biztoc.com/x/d674f1536d8cbf77,https://c.biztoc.com/p/d674f1536d8cbf77/s.webp,2024-01-29T13:18:10Z,"None Elon Musk's wealth is down $30 billion this year to just under $200 billion, per Bloomberg.None Tesla's stock has tanked 26% this year on weakening growth for the EV maker.None Jeff Bezos is jus… [+277 chars]"
"{'id': None, 'name': 'Biztoc.com'}",markets.businessinsider.com,Elon Musk is now worth just under $200 billion,"Elon Musk is still the world's richest person – for now. Jewel Samad/AFP/Getty Images Elon Musk's wealth is down $30 billion this year to just under $200 billion, per Bloomberg. Tesla's stock has tanked 26% this year on weakening growth for the EV maker. Jeff…",https://biztoc.com/x/33c5f92477f4ed9e,https://c.biztoc.com/p/33c5f92477f4ed9e/s.webp,2024-01-29T12:08:08Z,"Elon Musk is still the world's richest person for now.Jewel Samad/AFP/Getty ImagesElon Musk's wealth is down $30 billion this year to just under $200 billion, per Bloomberg.Tesla's stock has tanked 2… [+252 chars]"
"{'id': 'fortune', 'name': 'Fortune'}",Ryan Hogg,"$2,000 Dior bag at center of South Korean political scandal","Kim Keon Hee is reported to have accepted a $2,000 Dior bag as a gift, stoking corruption accusations.",https://fortune.com/europe/2024/01/26/bernard-arnault-dior-south-korea-political-scandal-first-lady-gifted-2000-bag/,"https://content.fortune.com/wp-content/uploads/2024/01/GettyImages-1794515166-e1706271152263.jpg?resize=1200,600",2024-01-26T12:52:46Z,"A $2,000 Dior bag has found itself as the subject of a major political crisis that threatens to displace South Koreas President months before an election.The Dior bag scandal, as it is being dubbed i… [+2899 chars]"
"{'id': None, 'name': 'Marketscreener.com'}",,Louis Vuitton opens Paris Fashion Week with Pharrell Williams' styles from American West,"(marketscreener.com) Pharrell Williams kicked off
Paris Fashion Week with Louis Vuitton's spring menswear show on
Tuesday night, lining the catwalk with sharp, elaborately
embellished American West outfits.
 Native American drumming signaled the start of the …",https://www.marketscreener.com/quote/stock/LVMH-4669/news/Louis-Vuitton-opens-Paris-Fashion-Week-with-Pharrell-Williams-styles-from-American-West-45751659/,https://www.marketscreener.com/images/twitter_MS_fdnoir.png,2024-01-16T21:58:52Z,"PARIS, Jan 16 (Reuters) - Pharrell Williams kicked off
Paris Fashion Week with Louis Vuitton's spring menswear show on
Tuesday night, lining the catwalk with sharp, elaborately
embellished America… [+1448 chars]"
"{'id': None, 'name': 'Zacjohnson.com'}",Disclaimer and DMCA,Richest Online Personalities – Who is the Wealthiest Online Personality in 2024?,"In a society driven by ambition and entrepreneurship, there is a group of individuals who have achieved unimaginable wealth as online personalities. These wealthy internet entrepreneurs, also known as high net worth online personalities, are the popular digit…",https://zacjohnson.com/richest-online-personalities/,https://zacjohnson.com/wp-content/uploads/2024/01/Richest-Online-Personalities.jpg,2024-01-19T12:16:49Z,"In a society driven by ambition and entrepreneurship, there is a group of individuals who have achieved unimaginable wealth as online personalities. These wealthy internet entrepreneurs, also known a… [+25081 chars]"
"{'id': None, 'name': '[Removed]'}",,[Removed],[Removed],https://removed.com,,1970-01-01T00:00:00Z,[Removed]
"{'id': None, 'name': 'Marketscreener.com'}",,CAC40: absolute record under unique circumstances in 1 century,"(marketscreener.com) The Paris stock market offers us a scenario that doesn't materialize even once in 1,000 years : a huge opening gap, a 2% outperformance of the average European index thanks to the rise of a single stock, but not the least, since it's LVMH…",https://www.marketscreener.com/quote/index/CAC-40-4941/news/CAC40-absolute-record-under-unique-circumstances-in-1-century-45823240/,https://www.marketscreener.com/images/reuters/2017-02-08T173039Z_1_LYNXMPED1717D_RTROPTP_2_FRANCE-FINANCE.JPG,2024-01-26T16:17:08Z,"The Paris stock market (+2.4% to 7,644, an all-time record) offers us a scenario that doesn't materialize even once in 1,000 years (once every 5 years... in reality, it's even rarer): a huge opening … [+4362 chars]"
"{'id': None, 'name': 'Marketscreener.com'}",,MORNING BID EUROPE-China markets exhale after bank reserves cut,"(marketscreener.com) 
 A look at the day ahead in European and global markets from Tom
Westbrook
 
 Chinese markets caught a foothold overnight, with a cut in
bank reserve requirements and vague promises of more support
ahead enough to staunch selling, for no…",https://www.marketscreener.com/quote/stock/LVMH-4669/news/MORNING-BID-EUROPE-China-markets-exhale-after-bank-reserves-cut-45807807/,https://www.marketscreener.com/images/reuters/2023-08/2023-08-17T070038Z_1_LYNXMPEJ7G07X_RTROPTP_3_CHINA-REGULATION-INVESTORS.JPG,2024-01-25T05:30:00Z,"A look at the day ahead in European and global markets from Tom
Westbrook
Chinese markets caught a foothold overnight, with a cut in
bank reserve requirements and vague promises of more support
a… [+1790 chars]"
"{'id': 'fortune', 'name': 'Fortune'}",Ryan Hogg,CEO behind Drake's $400K bed doesn't consider his mattresses to be 'luxury products',"Jan Ryde, the fifth-generation CEO of Hästens, is the supplier to the Swedish Royal family and his beds have appeared in Netflix hit Emily in Paris.",https://fortune.com/europe/2024/01/12/jan-ryde-hastens-drake-bed-luxury-sleep-mattress/,"https://content.fortune.com/wp-content/uploads/2024/01/Jan-Ryde8.jpg?resize=1200,600",2024-01-12T13:13:54Z,"With a masters degree focused on sleep and 35 years at the helm of one of the worlds most exclusive bedmakers, its safe to say Jan Ryde knows a thing or two about a good nights rest.Not that the CEO … [+6684 chars]"
"{'id': None, 'name': 'Investing.com'}",Reuters,Marketmind: China markets exhale after bank reserves cut,Marketmind: China markets exhale after bank reserves cut,https://www.investing.com/news/economy/marketmind-china-markets-exhale-after-bank-reserves-cut-3282431,https://i-invdn-com.investing.com/news/indicatornews_5_800x533_L_1412601619.jpg,2024-01-25T05:35:41Z,"A look at the day ahead in European and global markets from Tom Westbrook
Chinese markets caught a foothold overnight, with a cut in bank reserve requirements and vague promises of more support ahea… [+1798 chars]"
"{'id': None, 'name': 'Marketscreener.com'}",,CAC40: down to 7400 pts ahead of US employment report,"(marketscreener.com) The Paris stock market lost nearly 1% this morning around 7370 points, weighed down by Pernod Ricard , Alstom and LVMH .This last session of the week promises to be the most important since the start of the year, with a particularly full …",https://www.marketscreener.com/quote/index/CAC-40-4941/news/CAC40-down-to-7400-pts-ahead-of-US-employment-report-45679910/,https://www.marketscreener.com/images/reuters/2016-11-03T174552Z_1_LYNXMPECA21BE_RTROPTP_2_FRANCE.JPG,2024-01-05T09:44:03Z,"The Paris stock market lost nearly 1% this morning around 7370 points, weighed down by Pernod Ricard (-5.4%), Alstom (-2%) and LVMH (-1.9%).This last session of the week promises to be the most impor… [+2224 chars]"
"{'id': None, 'name': 'Marketscreener.com'}",,Burberry warns again on profit as luxury demand ebbs,"(marketscreener.com) British luxury fashion brand
Burberry warned on its full year profit outlook for the
second time in three months on Friday, blaming a further slowing
in global demand in the run up to Christmas, triggering another
slump in its shares.
 Sh…",https://www.marketscreener.com/quote/stock/BURBERRY-GROUP-PLC-4003938/news/Burberry-warns-again-on-profit-as-luxury-demand-ebbs-45730360/,https://www.marketscreener.com/images/twitter_MS_fdnoir.png,2024-01-12T10:17:12Z,"* Had warned on outlook in November
* Q3 revenue falls 7%
* Sees 2023/24 profit of 410-460 mln stg
* Shares down 7%
LONDON, Jan 12 (Reuters) - British luxury fashion brand
Burberry warned on its… [+2376 chars]"
"{'id': None, 'name': 'Marketscreener.com'}",,Dior's Kim Jones elevates tailoring at Paris Fashion Week,"(marketscreener.com) Dior men's artistic director
Kim Jones ratcheted up the elegance for his winter collection,
redistributing decorative elements on precisely-tailored
garments.
 Models strode around a circular runway in ballet flats
parading collarless top…",https://www.marketscreener.com/quote/stock/LVMH-4669/news/Dior-s-Kim-Jones-elevates-tailoring-at-Paris-Fashion-Week-45777245/,https://www.marketscreener.com/images/twitter_MS_fdblanc.png,2024-01-19T16:48:39Z,"PARIS, Jan 19 (Reuters) - Dior men's artistic director
Kim Jones ratcheted up the elegance for his winter collection,
redistributing decorative elements on precisely-tailored
garments.
Models str… [+969 chars]"
"{'id': None, 'name': 'Marketscreener.com'}",,News Highlights: Top Company News of the Day - Thursday at 11 PM ET,"(marketscreener.com) 
Warburg Pincus and TA Associates to Sell Procare Solutions in $1.86 Billion Deal 
 

 Buyout shop Warburg Pincus has backed Procare since 2018, while peer TA has been an investor since 2015. 

 
Jamie Dimon Shakes Up JPMorgan Leadership …",https://www.marketscreener.com/quote/stock/LVMH-4669/news/News-Highlights-Top-Company-News-of-the-Day-Thursday-at-11-PM-ET-45818112/,https://www.marketscreener.com/images/twitter_MS_fdblanc.png,2024-01-26T04:16:07Z,"Warburg Pincus and TA Associates to Sell Procare Solutions in $1.86 Billion Deal 
Buyout shop Warburg Pincus has backed Procare since 2018, while peer TA has been an investor since 2015. 
Jamie Dim… [+1735 chars]"
"{'id': None, 'name': 'Marketscreener.com'}",,Valentino shows contemporary menswear at the Monnaie de Paris,"(marketscreener.com) Valentino creative director
Pierpaolo Piccioli took to the sprawling historic headquarters
of the Paris mint, the Monnaie de Paris, for his mens
fall/winter show, sending a lineup of modern, uncluttered styles
down the catwalk.
 Models s…",https://www.marketscreener.com/quote/stock/LVMH-4669/news/Valentino-shows-contemporary-menswear-at-the-Monnaie-de-Paris-45780865/,https://www.marketscreener.com/images/twitter_MS_fdblanc.png,2024-01-20T22:24:17Z,"PARIS, Jan 20 (Reuters) - Valentino creative director
Pierpaolo Piccioli took to the sprawling historic headquarters
of the Paris mint, the Monnaie de Paris, for his mens
fall/winter show, sending… [+1091 chars]"
"{'id': None, 'name': 'Marketscreener.com'}",,FTSE 100 jumps to 10-day high as luxury stocks gain,"(marketscreener.com) London's blue-chip share index jumped
to a 10-day high on Friday after upbeat earnings updates from
European luxury firms boosted Burberry and Diageo, while a
pullback in sterling supported shares of dollar earners.
 The FTSE 100 climbed …",https://www.marketscreener.com/quote/index/FTSE-100-7392/news/FTSE-100-jumps-to-10-day-high-as-luxury-stocks-gain-45819970/,https://www.marketscreener.com/images/reuters/2019-01/2019-01-03T094156Z_1_LYNXNPEF020DI-OCABS_RTROPTP_3_CBUSINESS-US-GLOBAL-MARKETS.JPG,2024-01-26T08:31:24Z,"(For a Reuters live blog on U.S., UK and European stock
markets, click or type LIVE/ in a news window)
* FTSE 100 up 0.8%, FTSE 250 slips 0.1%
Jan 26 (Reuters) - London's blue-chip share index jum… [+1096 chars]"
"{'id': None, 'name': 'Marketscreener.com'}",,Lucibel: in difficulty despite strong growth in 2023,"(marketscreener.com) Lucibel shares fell by over 7% on Friday, despite the company's announcement of strong annual sales growth in 2023.The French company, which specializes in lighting technologies, generated sales of over nine million euros last year, again…",https://www.marketscreener.com/quote/stock/LUCIBEL-SA-16911681/news/Lucibel-in-difficulty-despite-strong-growth-in-2023-45821066/,https://www.marketscreener.com/images/twitter_MS_fdblanc.png,2024-01-26T11:38:06Z,"Lucibel shares fell by over 7% on Friday, despite the company's announcement of strong annual sales growth in 2023.The French company, which specializes in lighting technologies, generated sales of o… [+745 chars]"
"{'id': None, 'name': 'Marketscreener.com'}",,"Tech earnings, China stimulus boost Europe stocks",(marketscreener.com) STORY: European shares opened sharply higher Wednesday .https://www.marketscreener.com/quote/stock/ASML-HOLDING-N-V-12002973/news/Tech-earnings-China-stimulus-boost-Europe-stocks-45801021/?utm_medium=RSS&utm_content=20240124,https://www.marketscreener.com/quote/stock/ASML-HOLDING-N-V-12002973/news/Tech-earnings-China-stimulus-boost-Europe-stocks-45801021/,https://www.marketscreener.com/images/twitter_MS_fdblanc.png,2024-01-24T10:50:40Z,"STORY: European shares opened sharply higher Wednesday (January 24).
 Investors were cheered by upbeat earnings from big names in tech. 
German software firm SAP reported last year's operating prof… [+1229 chars]"
"{'id': None, 'name': 'Marketscreener.com'}",,News Highlights: Top Company News of the Day - Thursday at 9 PM ET,"(marketscreener.com) 
Warburg Pincus and TA Associates to Sell Procare Solutions in $1.86 Billion Deal 
 

 Buyout shop Warburg Pincus has backed Procare since 2018, while peer TA has been an investor since 2015. 

 
Jamie Dimon Shakes Up JPMorgan Leadership …",https://www.marketscreener.com/quote/stock/LVMH-4669/news/News-Highlights-Top-Company-News-of-the-Day-Thursday-at-9-PM-ET-45817895/,https://www.marketscreener.com/images/twitter_MS_fdblanc.png,2024-01-26T02:16:08Z,"Warburg Pincus and TA Associates to Sell Procare Solutions in $1.86 Billion Deal 
Buyout shop Warburg Pincus has backed Procare since 2018, while peer TA has been an investor since 2015. 
Jamie Dim… [+1735 chars]"
"{'id': None, 'name': 'Marketscreener.com'}",,News Highlights: Top Company News of the Day - Friday at 3 AM ET,"(marketscreener.com) 
Salesforce Laying Off 700 Workers in Latest Tech Industry Downsizing 
 

 The layoffs, which will affect around 1% of its workforce, follow a 10% reduction last year. 

 
Wuxi AppTec-Related Shares Tumble on Proposed U.S. Bill Aimed at C…",https://www.marketscreener.com/quote/stock/LVMH-4669/news/News-Highlights-Top-Company-News-of-the-Day-Friday-at-3-AM-ET-45819899/,https://www.marketscreener.com/images/twitter_MS_fdblanc.png,2024-01-26T08:16:09Z,"Salesforce Laying Off 700 Workers in Latest Tech Industry Downsizing 
The layoffs, which will affect around 1% of its workforce, follow a 10% reduction last year. 
Wuxi AppTec-Related Shares Tumble… [+1825 chars]"
"{'id': None, 'name': 'Investing.com'}",Investing.com,European stocks mixed; German consumer sentiment weakens,European stocks mixed; German consumer sentiment weakens,https://www.investing.com/news/stock-market-news/european-stocks-mixed-german-consumer-sentiment-weakens-3283757,https://i-invdn-com.investing.com/news/LYNXMPEE3B0E7_L.jpg,2024-01-26T08:14:42Z,"Investing.com - European stock markets traded in a mixed fashion Friday, as investors digested corporate earnings and the signals from the European Central Bank’s recent meeting ahead of the release … [+3516 chars]"
"{'id': None, 'name': 'Marketscreener.com'}",,News Highlights: Top Company News of the Day - Friday at 11 AM ET,"(marketscreener.com) 
JetBlue Warns It Might Scrap Spirit Airlines Takeover 
 

 JetBlue Airways warned that it could terminate its attempted takeover of Spirit Airlines next week after a federal judge's ruling blocked their planned merger. 

 
Amex's stock g…",https://www.marketscreener.com/quote/stock/LENOVO-GROUP-LIMITED-1412726/news/News-Highlights-Top-Company-News-of-the-Day-Friday-at-11-AM-ET-45823232/,https://www.marketscreener.com/images/twitter_MS_fdnoir.png,2024-01-26T16:16:08Z,"JetBlue Warns It Might Scrap Spirit Airlines Takeover 
JetBlue Airways warned that it could terminate its attempted takeover of Spirit Airlines next week after a federal judge's ruling blocked their… [+1692 chars]"
"{'id': None, 'name': 'Marketscreener.com'}",,News Highlights: Top Company News of the Day - Friday at 1 PM ET,"(marketscreener.com) 
JetBlue Warns It Might Scrap Spirit Airlines Takeover 
 

 JetBlue Airways warned that it could terminate its attempted takeover of Spirit Airlines next week after a federal judge's ruling blocked their planned merger. 

 
Amex's stock s…",https://www.marketscreener.com/quote/stock/NORFOLK-SOUTHERN-CORPORAT-13802/news/News-Highlights-Top-Company-News-of-the-Day-Friday-at-1-PM-ET-45823875/,https://www.marketscreener.com/images/twitter_MS_fdblanc.png,2024-01-26T18:16:08Z,"JetBlue Warns It Might Scrap Spirit Airlines Takeover 
JetBlue Airways warned that it could terminate its attempted takeover of Spirit Airlines next week after a federal judge's ruling blocked their… [+1760 chars]"
"{'id': None, 'name': 'Marketscreener.com'}",,News Highlights: Top Company News of the Day - Friday at 9 AM ET,"(marketscreener.com) 
Amex's stock gains after earnings as key exec says gap versus peers is widening 
 

 Amex came in ahead of Wall Street expectations with its financial forecasts for 2024. 

 
Colgate-Palmolive's earnings buoyed by higher prices 
 

 Cons…",https://www.marketscreener.com/quote/stock/LENOVO-GROUP-LIMITED-1412726/news/News-Highlights-Top-Company-News-of-the-Day-Friday-at-9-AM-ET-45822451/,https://www.marketscreener.com/images/twitter_MS_fdblanc.png,2024-01-26T14:16:27Z,"Amex's stock gains after earnings as key exec says gap versus peers is widening 
Amex came in ahead of Wall Street expectations with its financial forecasts for 2024. 
Colgate-Palmolive's earnings … [+1642 chars]"
"{'id': None, 'name': 'Marketscreener.com'}",,SAP scratches the 200 billion euro mark for the first time,"(marketscreener.com) The shares of SAP did not need much more on Monday to reach another record high and a market value of 200 billion euros. In the morning, the share price climbed 0.6 percent to just under 161 euros and was thus within striking distance of …",https://www.marketscreener.com/quote/stock/VOLKSWAGEN-AG-436737/news/SAP-scratches-the-200-billion-euro-mark-for-the-first-time-45830072/,https://www.marketscreener.com/images/twitter_MS_fdblanc.png,2024-01-29T11:18:08Z,"FRANKFURT (dpa-AFX) - The shares of SAP did not need much more on Monday to reach another record high and a market value of 200 billion euros. In the morning, the share price climbed 0.6 percent to j… [+2307 chars]"
"{'id': None, 'name': 'Marketscreener.com'}",,CAC40: a surge with a 1/1000 scenario,"(marketscreener.com) The Paris stock market offers us a scenario that doesn't materialize even once in 1.000 : a 2% outperformance of the average European index thanks to the rise of a single stock, but not the least: LVMH with +13.5% , which in a single sess…",https://www.marketscreener.com/quote/index/CAC-40-4941/news/CAC40-a-surge-with-a-1-1000-scenario-45822868/,https://www.marketscreener.com/images/reuters/2017-01-24T121928Z_1_LYNXMPED0N0PR_RTROPTP_2_FRANCE.JPG,2024-01-26T15:22:10Z,"The Paris stock market (+2.4% to 7,640, an all-time record) offers us a scenario that doesn't materialize even once in 1.000 (1 in 5 years): a 2% outperformance of the average European index thanks t… [+3734 chars]"
"{'id': None, 'name': 'Zacjohnson.com'}",Zac Johnson,L’Oreal Net Worth – How Much is L’Oreal Worth?,"Francoise Bettencourt Meyers, the L’Oreal heiress, has amassed incredible wealth, becoming the world’s richest woman. With her one-third stake in L’Oreal, inherited from her mother, Bettencourt Meyers’ net worth has soared to new heights. Thanks to the record…",https://zacjohnson.com/lorel-net-worth/,https://zacjohnson.com/wp-content/uploads/2024/01/lorel-net-worth.jpg,2024-01-11T12:31:02Z,"Francoise Bettencourt Meyers, the L’Oreal heiress, has amassed incredible wealth, becoming the world’s richest woman. With her one-third stake in L’Oreal, inherited from her mother, Bettencourt Meyer… [+22434 chars]"
"{'id': None, 'name': 'The Punch'}",Okiki Adeduyite,"10 world richest persons as of January 1, 2024","The net worth of the 10 wealthiest individuals on earth has increased by $30 billion in just one month, reaching a total of almost $1.47 trillion as of January 1, Forbes reports. Mark Zuckerberg made a significant jump in the rankings, moving up to the No. 5 …",https://punchng.com/10-world-richest-persons-as-of-january-1-2024/,https://cdn.punchng.com/wp-content/uploads/2022/11/09185352/32MW8J9-preview.jpg,2024-01-04T08:50:18Z,"The net worth of the 10 wealthiest individuals on earth has increased by $30 billion in just one month, reaching a total of almost $1.47 trillion as of January 1, Forbes reports.
Mark Zuckerberg mad… [+5988 chars]"
"{'id': None, 'name': 'Marketscreener.com'}",,News Highlights: Top Company News of the Day - Friday at 3 PM ET,"(marketscreener.com) 
Booz Allen's Quarterly Net Income Rises Sharply 
 

 Booz Allen Hamilton said its net income more than quadrupled in its fiscal third quarter and boosted its projections for the fiscal year ending in March. 

 
JetBlue Warns It Might Scr…",https://www.marketscreener.com/quote/stock/NORFOLK-SOUTHERN-CORPORAT-13802/news/News-Highlights-Top-Company-News-of-the-Day-Friday-at-3-PM-ET-45824192/,https://www.marketscreener.com/images/twitter_MS_fdnoir.png,2024-01-26T20:16:07Z,"Booz Allen's Quarterly Net Income Rises Sharply 
Booz Allen Hamilton said its net income more than quadrupled in its fiscal third quarter and boosted its projections for the fiscal year ending in Ma… [+1793 chars]"
