,publishedAt,title
82,2024-01-03 11:00:14+00:00,"Up 91% YTD, What’s Next For Snap Stock?"
18,2024-01-03 17:26:00+00:00,These ‘Magnificent 7’ stocks remain ‘under water’ since end of 2021 while Nasdaq still down despite huge 2023 rally
30,2024-01-04 11:47:00+00:00,"Reverse Goldilocks — why this bank is souring on stocks, for now"
70,2024-01-04 12:00:15+00:00,"With Delivery Growth Cooling, Is Tesla Stock Still A Buy At $250?"
8,2024-01-04 18:25:00+00:00,"Magnificent Seven’s stocks start year on back foot, but investors are buying their bonds"
85,2024-01-05 11:00:37+00:00,"Up 77% Last Year, What To Expect From Adobe Stock?"
45,2024-01-05 11:34:00+00:00,"These stocks mostly doubled last year but are still the place to be, says Bank of America"
29,2024-01-05 14:50:00+00:00,The Nasdaq kicked off 2024 with its longest losing streak in over a year. This is what is driving it lower.
54,2024-01-05 19:39:00+00:00,This is why the S&P 500 can be expected to continue to outperform small-cap stocks
83,2024-01-07 11:45:00+00:00,Stocks Decline And Fed Rate Cuts Imperiled To Begin 2024
10,2024-01-08 10:36:00+00:00,"Elon Musk on WSJ story: If drugs helped my productivity, I would take them."
15,2024-01-08 11:49:00+00:00,Wall Street’s most celebrated bear is not a bull yet. Here’s Mike Wilson’s stock-market playbook for three economic scenarios.
74,2024-01-08 12:00:09+00:00,"Barclays Stock Trailed S&P 500 By 23% In 2023, What Happens Next?"
63,2024-01-08 19:19:00+00:00,Apple stock looks expensive vs. the rest of the ‘Magnificent Seven’
38,2024-01-09 10:01:00+00:00,"The 2024 Volvo XC40 Recharge: The all-electric subcompact luxury SUV excels in style, safety and substance"
24,2024-01-09 10:02:00+00:00,"Average public EV charging times are not so fast, study finds"
34,2024-01-09 11:45:00+00:00,‘Eerily similar to 2022.’ Why this veteran strategist is ‘max bearish’ on U.S. stocks
78,2024-01-09 13:00:34+00:00,"Up 25% Over The Last Three Months, Will Verizon See Further Gains Following Q4 Results?"
7,2024-01-10 00:19:00+00:00,"10 predictions for stocks, crypto, AI, gold and bonds in 2024"
32,2024-01-11 11:05:00+00:00,What’s the best way to invest in the S&P 500?
31,2024-01-11 11:50:00+00:00,Wall Street firms getting excited over Japan as Nikkei keeps hitting records
77,2024-01-11 13:00:00+00:00,Homebuilders Theme Returned 77% Last Year. What Does 2024 Hold?
36,2024-01-11 13:30:00+00:00,"Beyond the glitz of CES, Las Vegas is quietly building a sustainable tech scene"
87,2024-01-11 14:00:28+00:00,Does Costco Stock Have More Room For Gains After Rising 40% In 2023?
71,2024-01-11 14:53:56+00:00,4Q23 Earnings: Where Street Earnings Are Too High & Who Should Miss
43,2024-01-12 09:31:00+00:00,Tesla reportedly cuts prices of two models in a tough China market where BYD rules
84,2024-01-12 12:00:00+00:00,"Up 18% In 2023, Where Is Deutsche Bank Stock Headed?"
44,2024-01-16 10:04:00+00:00,Tesla’s redesigned Model 3 is now available in the U.S.—here’s what’s new
69,2024-01-16 11:00:00+00:00,"Down 9% Year-To Date, Will A Q4 Earnings Beat Drive Tesla Stock Higher?"
17,2024-01-16 11:45:00+00:00,Another Wall Street bank has boosted its S&P 500 target. Here’s why.
52,2024-01-16 19:55:00+00:00,"Beware of ‘pricey’ U.S. stocks as inflation may ‘roller-coaster back up,’ warns BlackRock"
25,2024-01-17 10:02:00+00:00,Here are the 10 electric vehicles that sold the most in 2023: Tesla still leads the pack
39,2024-01-17 10:22:00+00:00,"Tesla cuts prices in Germany after reductions in China, report says"
91,2024-01-17 11:00:00+00:00,"Rising 15% In The Last 3 Months, How Will T-Mobile Stock Fare Following Q4 Earnings?"
37,2024-01-17 16:13:00+00:00,"Your $7,500 EV tax credit faces a referendum due to the 2024 elections. Here’s why."
11,2024-01-17 16:44:00+00:00,Nio’s stock tanks toward a record-tying loss streak as Tesla price cuts weigh
41,2024-01-17 20:51:00+00:00,"Tesla could be staring down a year of ‘growing pains,’ analyst cautions"
86,2024-01-18 12:00:00+00:00,"Up 21% In The Last Six Months, Will IBM Stock See Further Gains Post Q4?"
79,2024-01-18 13:00:00+00:00,"Gaining 50% Over The Last 12 Months, Will Intel Stock Rally Further After Q4 Results?"
50,2024-01-18 20:13:00+00:00,"It’s the Trillionaires’ stock market now, and the rest of us are just along for the ride"
89,2024-01-19 11:00:00+00:00,Bloom Energy Stock Down 14% Year To Date. Why Are Hydrogen Stocks Underperforming?
58,2024-01-19 11:29:00+00:00,"One sector is camouflaging the market’s recent deterioration. It can only last so long, says this technical analyst."
88,2024-01-19 12:00:00+00:00,"Up 63% Since The Beginning Of 2023, How Will Microsoft Stock Trend After Q2 Earnings?"
90,2024-01-19 13:00:00+00:00,Where Is News Corp Stock Headed After Growing 29% In The Past Year?
73,2024-01-21 16:39:56+00:00,March Rate Cut Odds Plummet As Magnificent 7 Surge
12,2024-01-22 10:02:00+00:00,Why car insurance has gotten so expensive
57,2024-01-22 11:46:00+00:00,"The stock market needs better earnings to keep climbing. It’s not going to get them, warns JPMorgan"
95,2024-01-22 17:00:23+00:00,"Falling 6% Already This Year, Will Halliburton Stock Reverse This After Q4 Results?"
19,2024-01-22 18:02:00+00:00,Why is Exxon suing to stop two yogis from pushing their climate proposals?
48,2024-01-22 19:25:00+00:00,These 3 stock-market sectors were only winners in S&P 500’s 2-year trip back to record high
42,2024-01-22 20:39:00+00:00,A key Tesla metric is ‘under threat.’ Wall Street will soon learn more.
56,2024-01-22 21:42:00+00:00,These three tech companies should be the brightest spots in a grim earnings season
80,2024-01-23 13:00:00+00:00,"Dropping 5% Since The Start Of 2023, Can MetLife Stock Rebound?"
20,2024-01-23 19:21:00+00:00,Here’s the No. 1 question retail investors want Tesla to answer ahead of earnings
62,2024-01-24 10:02:00+00:00,10 roadblocks to electric vehicle ownership
53,2024-01-24 11:53:00+00:00,"Forget the stock market’s shiny winners. There’s hidden money in the losers, says this veteran manager"
93,2024-01-24 13:00:36+00:00,"Up 40% Since The Beginning Of 2023, How Will Capital One Stock Trend After Q4 Earnings"
75,2024-01-24 14:00:25+00:00,Should You Pick UnitedHealth Stock At $510 After A Q4 Beat?
65,2024-01-24 16:39:52+00:00,Elon Musk wants what Mark Zuckerberg has — why shareholders would lose out
66,2024-01-24 16:39:52+00:00,Elon Musk’s push for influence at Tesla reveals the dangers of executive power
1,2024-01-24 21:16:00+00:00,Tesla warns Wall Street it could sell fewer vehicles this year
51,2024-01-24 21:35:00+00:00,Tech has fueled large-cap stocks this year. It hasn’t boosted struggling small caps.
16,2024-01-25 11:20:00+00:00,"Stocks versus bonds is a no-brainer for the next decade, says the Fed model"
92,2024-01-25 12:30:00+00:00,Should You Pick Delta Stock Around $40 After Its Q4 Beat?
40,2024-01-25 13:55:00+00:00,Tesla’s ‘train-wreck’ earnings call has even the bulls begging executives to act like adults
49,2024-01-25 18:43:00+00:00,"Hertz’s stock gets downgraded, and Tesla has a lot to do with it"
55,2024-01-25 21:07:00+00:00,"Tesla, GM and Ford price cuts suggest that electric cars may be at a dead end"
61,2024-01-26 11:32:00+00:00,The correlation between bonds and stocks has ruptured. It’s not a problem for equities says this analyst
96,2024-01-26 12:30:00+00:00,Should You Pick Lockheed Martin Stock At $430 After Q4 Beat?
13,2024-01-26 13:37:00+00:00,Tesla’s stock hasn’t fallen enough – this analyst sees another 30% downside
97,2024-01-26 14:00:00+00:00,"Beating The S&P 500 By 40% Since The Start Of 2023, What To Expect From Alphabet Stock In Q4?"
64,2024-01-26 15:00:00+00:00,Tesla Stock Just Keeps Falling
0,2024-01-26 16:03:00+00:00,Elon Musk has egg on his face
14,2024-01-26 17:15:00+00:00,Tesla has ‘massively disappointed’ Wall Street. Here’s how it can get back on track.
35,2024-01-26 18:48:00+00:00,Keeping an EV charged in extreme cold could increase your costs by 40%. Here’s how to lower your bills.
67,2024-01-26 21:00:34+00:00,Calculating critiques of the Android and iPhone Calculator apps
72,2024-01-28 12:00:00+00:00,The Economy Outperforms And Earnings Improve
26,2024-01-28 15:01:00+00:00,The busiest and most crucial week for fourth-quarter earnings is here. These five companies will do the heavy lifting.
59,2024-01-28 17:01:00+00:00,"Stock-market rally faces Fed, tech earnings and jobs data in make-or-break week"
94,2024-01-29 12:30:00+00:00,Should You Pick United Airlines Stock After 10% Rise Following Q4 Beat?
27,2024-01-29 21:58:00+00:00,"The Fed may be ‘patient’ in cutting rates, says portfolio manager at Morgan Stanley"
9,2024-01-30 08:32:00+00:00,"No, there is no such thing as price-to-innovation. Explaining the viral clip, and the valuation metric that Peter Lynch employed."
3,2024-01-30 09:44:00+00:00,BYD shares slip as Tesla rival says profits surge but lag estimates
46,2024-01-30 11:48:00+00:00,"Five-star fund manager bets on cheap AI, beer and China plays"
99,2024-01-30 14:00:00+00:00,What’s Next For CSX Stock After A 12% Rise Last Year?
23,2024-01-30 15:50:00+00:00,Too much ‘Magnificent Seven’? A revenue-weighted index fund may be the solution
28,2024-01-30 20:13:00+00:00,J.P. Morgan analysts see shades of the dotcom bubble in today’s Big Tech-dominated stock market
2,2024-01-30 22:40:00+00:00,Elon Musk’s $56 billion Tesla pay package in limbo after court voids it
33,2024-01-31 12:21:00+00:00,Elon Musk has turned X (Twitter) into a free-for-all — and here’s the proof
81,2024-01-31 13:00:51+00:00,"Up 10% Since The Beginning Of 2023, What Should You Expect From BlackRock Stock?"
47,2024-01-31 21:22:00+00:00,Record January stock-market rally left these ETFs behind. Few are set to bounce.
6,2024-02-01 11:38:00+00:00,This fund is shorting Apple — and just bet against another popular AI stock
60,2024-02-01 18:16:00+00:00,Can Elon Musk do ‘whatever he wants’? Why moving Tesla out of Delaware may spook investors.
4,2024-02-02 02:38:00+00:00,Tesla settles California hazardous-waste lawsuit for $1.5 million
21,2024-02-02 12:57:00+00:00,Mark Zuckerberg has made more money this year than anyone else in the world following surge in Meta’s share price
5,2024-02-02 13:00:00+00:00,Tesla recalling more than 2 million vehicles in EV maker’s largest recall to date
76,2024-02-02 13:00:10+00:00,Should You Pick Intuitive Surgical Stock At $375 After An Upbeat Q4?
98,2024-02-02 17:00:21+00:00,What To Expect From McDonald's Q4 After Stock Up 13% Since 2023?
22,2024-02-02 18:49:00+00:00,"As Magnificent Seven stocks set records, bond spreads widened this week in a sign of fatigue"
68,2024-02-03 12:15:00+00:00,A Dicey Dividend Up To 76%: Too Good To Be True?
